index;hash_cnst;hash_symb;hash_strlen;hash_ascii;hash_rol;hash_ror;hash_mrot
0;0;0;0;0;7;0;7
1;10054;0;32;2;5;0;6
2;0;0;91;2;6;0;10
3;0;0;350;1;3;0;7
4;0;0;965;2;8;0;7
5;0;0;1235;1;7;0;9
6;0;0;1528;1;4;0;8
7;0;0;1654;0;10;0;10
8;0;0;1401;0;6;0;7
9;0;0;1106;1;7;0;14
10;0;0;745;0;6;0;11
11;0;0;469;1;4;0;14
12;0;0;268;0;9;0;6
13;0;0;134;0;10;0;11
14;0;0;46;1;4;0;13
15;0;0;22;1;4;0;16
16;0;0;6;2;10;0;8
17;0;0;1;1;5;0;9
18;0;0;1;2;12;0;8
19;0;0;0;0;7;0;6
20;0;0;0;1;9;0;9
21;0;0;0;1;12;0;13
22;0;0;0;2;6;0;12
23;0;0;0;1;2;0;6
24;0;0;0;1;6;0;13
25;0;0;0;1;8;0;4
26;0;0;0;1;8;0;8
27;0;0;0;1;9;0;11
28;0;0;0;2;10;0;11
29;0;0;0;5;10;0;14
30;0;0;0;4;10;0;9
31;0;0;0;5;11;0;9
32;0;0;0;4;8;0;13
33;0;0;0;6;2;0;8
34;0;0;0;3;19;0;15
35;0;0;0;3;12;0;8
36;0;0;0;5;10;0;15
37;0;0;0;4;4;0;11
38;0;0;0;4;13;0;8
39;0;0;0;7;7;0;13
40;0;0;0;4;12;0;15
41;0;0;0;7;14;0;8
42;0;0;0;3;5;0;13
43;0;0;0;10;15;0;11
44;0;0;0;8;7;0;5
45;0;0;0;8;11;0;6
46;0;0;0;5;10;0;14
47;0;0;0;11;9;0;7
48;0;0;0;6;10;0;6
49;0;0;0;13;5;0;7
50;0;0;0;11;8;0;10
51;0;0;0;6;10;0;5
52;0;0;0;14;10;0;3
53;0;0;0;13;9;0;10
54;0;0;0;11;6;0;10
55;0;0;0;18;13;0;13
56;0;0;0;7;13;0;11
57;0;0;0;11;9;0;13
58;0;0;0;13;13;0;9
59;0;0;0;14;8;0;12
60;0;0;0;16;8;0;13
61;0;0;0;11;10;0;9
62;0;0;0;16;13;0;12
63;0;0;0;16;7;0;9
64;0;0;0;17;10;568;8
65;0;82;0;18;16;459;11
66;0;51;0;7;13;655;11
67;0;55;0;16;11;700;9
68;0;46;0;13;11;335;12
69;0;41;0;18;12;324;5
70;0;53;0;21;4;367;12
71;0;32;0;17;6;365;10
72;0;57;0;18;9;245;9
73;0;37;0;13;14;341;7
74;0;18;0;15;9;176;14
75;0;26;0;11;8;196;10
76;0;55;0;14;8;227;10
77;0;64;0;10;7;217;12
78;0;40;0;10;5;275;8
79;0;24;0;14;8;233;12
80;0;90;0;21;12;354;15
81;0;3;0;7;13;325;10
82;0;47;0;11;15;358;8
83;0;101;0;7;13;337;9
84;0;76;0;14;12;244;5
85;0;10;0;11;16;224;7
86;0;25;0;11;10;234;12
87;0;45;0;14;15;300;13
88;0;1;0;8;6;164;12
89;0;13;0;7;8;239;7
90;0;7;0;12;18;345;11
91;0;0;0;4;12;347;9
92;0;0;0;3;11;257;13
93;0;0;0;9;8;189;11
94;0;0;0;9;10;207;7
95;0;0;0;10;7;215;9
96;0;0;0;7;13;1;14
97;0;560;0;6;7;1;16
98;0;508;0;1;11;1;10
99;0;824;0;4;8;1;15
100;0;582;0;5;8;1;14
101;0;362;0;6;8;1;5
102;0;471;0;4;14;0;8
103;0;260;0;3;11;1;12
104;0;338;0;3;13;2;11
105;0;413;0;1;9;1;11
106;0;63;0;3;20;1;6
107;0;65;0;2;19;0;7
108;0;286;0;4;13;1;9
109;0;388;0;1;17;3;8
110;0;157;0;2;11;1;20
111;0;208;0;1;12;2;13
112;0;704;0;1;12;1;8
113;0;36;0;2;5;0;13
114;0;507;0;3;10;2;10
115;0;1135;0;2;15;2;21
116;0;422;0;2;12;2;6
117;0;228;0;0;8;2;3
118;0;109;0;1;10;1;14
119;0;298;0;0;8;0;9
120;0;0;0;0;18;1;11
121;0;28;0;1;3;0;6
122;0;3;0;0;7;0;14
123;0;0;0;0;13;0;11
124;0;0;0;1;14;0;10
125;0;0;0;1;6;0;11
126;0;0;0;0;8;1;13
127;0;0;0;1;5;2;9
128;0;0;0;0;9;0;6
129;0;0;0;0;10;0;10
130;0;0;0;1;17;0;8
131;0;0;0;2;12;0;12
132;0;0;0;0;8;0;7
133;0;0;0;1;9;0;11
134;0;0;0;0;13;0;6
135;0;0;0;1;12;0;10
136;0;0;0;1;9;0;10
137;0;0;0;2;15;0;9
138;0;0;0;1;16;0;8
139;0;0;0;2;13;0;6
140;0;0;0;1;10;0;9
141;0;0;0;2;15;0;9
142;0;0;0;1;12;0;9
143;0;0;0;2;9;0;16
144;0;0;0;4;5;0;14
145;0;0;0;7;8;0;12
146;0;0;0;6;7;0;10
147;0;0;0;2;9;0;12
148;0;0;0;3;5;0;13
149;0;0;0;7;10;0;12
150;0;0;0;3;9;0;9
151;0;0;0;2;9;0;7
152;0;0;0;6;11;0;8
153;0;0;0;7;10;0;11
154;0;0;0;5;13;0;11
155;0;0;0;5;9;0;15
156;0;0;0;4;14;0;16
157;0;0;0;5;14;0;11
158;0;0;0;5;5;0;10
159;0;0;0;8;4;0;10
160;0;0;0;6;15;0;8
161;0;0;0;7;10;0;9
162;0;0;0;7;9;0;5
163;0;0;0;5;14;0;10
164;0;0;0;13;15;0;10
165;0;0;0;7;11;0;14
166;0;0;0;4;9;0;8
167;0;0;0;8;7;0;15
168;0;0;0;5;10;0;9
169;0;0;0;4;12;0;9
170;0;0;0;9;7;0;15
171;0;0;0;6;13;0;16
172;0;0;0;9;17;0;14
173;0;0;0;12;11;0;11
174;0;0;0;9;10;0;12
175;0;0;0;8;14;0;14
176;0;0;0;11;10;0;12
177;0;0;0;13;8;0;12
178;0;0;0;13;8;0;8
179;0;0;0;10;11;0;12
180;0;0;0;7;11;0;7
181;0;0;0;11;16;0;5
182;0;0;0;9;12;0;11
183;0;0;0;6;9;0;14
184;0;0;0;11;9;0;15
185;0;0;0;10;12;0;8
186;0;0;0;15;14;0;7
187;0;0;0;11;11;0;8
188;0;0;0;16;13;0;8
189;0;0;0;6;10;0;12
190;0;0;0;12;7;0;9
191;0;0;0;9;8;0;12
192;0;0;0;10;12;0;8
193;0;0;0;9;5;0;13
194;0;0;0;1;11;0;10
195;0;0;0;11;7;0;11
196;0;0;0;2;16;0;12
197;0;0;0;6;8;0;13
198;0;0;0;4;7;0;8
199;0;0;0;3;14;0;10
200;0;0;0;7;11;0;10
201;0;0;0;10;7;0;7
202;0;0;0;11;11;0;13
203;0;0;0;4;13;0;9
204;0;0;0;8;10;0;10
205;0;0;0;5;11;0;6
206;0;0;0;5;6;0;11
207;0;0;0;5;8;0;12
208;0;0;0;1;10;0;14
209;0;0;0;5;7;0;9
210;0;0;0;5;10;0;7
211;0;0;0;3;12;0;5
212;0;0;0;2;6;0;7
213;0;0;0;6;10;0;12
214;0;0;0;2;11;0;7
215;0;0;0;5;6;0;6
216;0;0;0;6;16;0;8
217;0;0;0;5;11;0;13
218;0;0;0;1;8;0;14
219;0;0;0;4;15;0;8
220;0;0;0;6;8;0;15
221;0;0;0;5;9;0;9
222;0;0;0;4;9;0;11
223;0;0;0;2;11;0;6
224;0;0;0;0;15;0;12
225;0;0;0;2;14;0;10
226;0;0;0;3;10;0;10
227;0;0;0;1;12;0;11
228;0;0;0;1;9;0;14
229;0;0;0;1;10;0;9
230;0;0;0;2;12;0;12
231;0;0;0;0;13;0;11
232;0;0;0;2;17;0;9
233;0;0;0;0;10;0;6
234;0;0;0;0;12;0;7
235;0;0;0;1;10;0;16
236;0;0;0;1;8;0;11
237;0;0;0;1;11;0;8
238;0;0;0;2;10;0;11
239;0;0;0;1;12;0;10
240;0;0;0;2;13;0;9
241;0;0;0;2;7;0;10
242;0;0;0;2;11;0;9
243;0;0;0;1;11;0;17
244;0;0;0;0;11;0;8
245;0;0;0;0;15;0;16
246;0;0;0;1;12;0;15
247;0;0;0;1;8;0;7
248;0;0;0;1;12;0;9
249;0;0;0;4;18;0;9
250;0;0;0;1;13;0;7
251;0;0;0;1;10;0;3
252;0;0;0;3;9;0;9
253;0;0;0;0;8;0;6
254;0;0;0;0;9;0;7
255;0;0;0;2;9;0;18
256;0;0;0;1;20;0;10
257;0;0;0;2;13;0;14
258;0;0;0;4;17;0;7
259;0;0;0;2;15;0;14
260;0;0;0;2;12;0;8
261;0;0;0;3;16;0;4
262;0;0;0;5;16;0;6
263;0;0;0;4;13;0;7
264;0;0;0;1;10;0;7
265;0;0;0;3;19;0;13
266;0;0;0;6;20;0;10
267;0;0;0;4;15;0;7
268;0;0;0;3;10;0;5
269;0;0;0;4;17;0;15
270;0;0;0;4;11;0;11
271;0;0;0;5;13;0;11
272;0;0;0;7;12;0;13
273;0;0;0;6;14;0;5
274;0;0;0;7;18;0;14
275;0;0;0;4;11;0;10
276;0;0;0;4;12;0;7
277;0;0;0;6;11;0;9
278;0;0;0;6;15;0;10
279;0;0;0;9;17;0;9
280;0;0;0;4;13;0;10
281;0;0;0;4;13;0;9
282;0;0;0;10;15;0;5
283;0;0;0;7;14;0;7
284;0;0;0;6;12;0;7
285;0;0;0;5;19;0;9
286;0;0;0;4;7;0;7
287;0;0;0;10;15;0;8
288;0;0;0;11;15;0;9
289;0;0;0;6;6;0;5
290;0;0;0;7;14;0;12
291;0;0;0;5;13;0;15
292;0;0;0;11;14;0;8
293;0;0;0;6;13;0;16
294;0;0;0;9;9;0;11
295;0;0;0;8;11;0;7
296;0;0;0;6;15;0;9
297;0;0;0;6;13;0;11
298;0;0;0;5;10;0;13
299;0;0;0;10;10;0;11
300;0;0;0;7;11;0;12
301;0;0;0;8;16;0;9
302;0;0;0;6;11;0;6
303;0;0;0;10;9;0;8
304;0;0;0;5;10;0;9
305;0;0;0;9;7;0;7
306;0;0;0;9;14;0;14
307;0;0;0;3;13;0;5
308;0;0;0;11;8;0;7
309;0;0;0;9;5;0;12
310;0;0;0;3;10;0;5
311;0;0;0;9;14;0;11
312;0;0;0;12;12;0;8
313;0;0;0;9;9;0;11
314;0;0;0;12;8;0;9
315;0;0;0;13;11;0;8
316;0;0;0;7;13;0;8
317;0;0;0;9;9;0;5
318;0;0;0;11;12;0;13
319;0;0;0;9;6;0;14
320;0;0;0;12;11;0;18
321;0;0;0;5;5;0;12
322;0;0;0;9;7;0;14
323;0;0;0;6;9;0;5
324;0;0;0;8;9;0;5
325;0;0;0;10;10;0;8
326;0;0;0;5;8;0;13
327;0;0;0;12;11;0;19
328;0;0;0;8;8;0;4
329;0;0;0;7;11;0;13
330;0;0;0;9;8;0;8
331;0;0;0;10;12;0;8
332;0;0;0;7;12;0;13
333;0;0;0;5;17;0;16
334;0;0;0;6;8;0;13
335;0;0;0;6;12;0;7
336;0;0;0;7;13;0;11
337;0;0;0;7;16;0;13
338;0;0;0;7;9;0;10
339;0;0;0;2;8;0;14
340;0;0;0;7;9;0;6
341;0;0;0;4;12;0;7
342;0;0;0;3;21;0;13
343;0;0;0;2;10;0;15
344;0;0;0;6;8;0;8
345;0;0;0;2;5;0;13
346;0;0;0;1;17;0;7
347;0;0;0;1;16;0;10
348;0;0;0;1;12;0;12
349;0;0;0;2;9;0;7
350;0;0;0;1;10;0;9
351;0;0;0;1;10;0;12
352;0;0;0;0;10;0;9
353;0;0;0;1;6;0;19
354;0;0;0;0;13;0;12
355;0;0;0;1;7;0;12
356;0;0;0;0;10;0;11
357;0;0;0;3;13;0;13
358;0;0;0;1;9;0;9
359;0;0;0;0;8;0;12
360;0;0;0;1;12;0;12
361;0;0;0;0;13;0;7
362;0;0;0;1;14;0;13
363;0;0;0;0;10;0;7
364;0;0;0;0;17;0;6
365;0;0;0;0;11;0;12
366;0;0;0;1;10;0;6
367;0;0;0;1;9;0;9
368;0;0;0;3;15;0;7
369;0;0;0;2;8;0;9
370;0;0;0;2;11;0;8
371;0;0;0;4;12;0;10
372;0;0;0;1;15;0;5
373;0;0;0;3;16;0;6
374;0;0;0;1;7;0;11
375;0;0;0;0;12;0;10
376;0;0;0;2;11;0;8
377;0;0;0;2;14;0;11
378;0;0;0;4;15;0;10
379;0;0;0;6;12;0;18
380;0;0;0;6;15;0;5
381;0;0;0;2;13;0;12
382;0;0;0;8;14;0;17
383;0;0;0;2;8;0;13
384;0;0;0;8;15;0;9
385;0;0;0;7;9;0;12
386;0;0;0;10;8;0;15
387;0;0;0;7;16;0;5
388;0;0;0;3;9;0;9
389;0;0;0;10;16;0;8
390;0;0;0;7;17;0;11
391;0;0;0;5;11;0;18
392;0;0;0;4;12;0;12
393;0;0;0;6;16;0;12
394;0;0;0;7;14;0;3
395;0;0;0;8;12;0;11
396;0;0;0;6;11;0;3
397;0;0;0;3;12;0;7
398;0;0;0;7;10;0;17
399;0;0;0;9;8;0;8
400;0;0;0;11;5;0;7
401;0;0;0;10;8;0;14
402;0;0;0;10;17;0;15
403;0;0;0;9;14;0;11
404;0;0;0;13;18;0;8
405;0;0;0;10;7;0;13
406;0;0;0;7;12;0;12
407;0;0;0;8;5;0;5
408;0;0;0;10;13;0;12
409;0;0;0;9;8;0;6
410;0;0;0;13;15;0;4
411;0;0;0;16;10;0;12
412;0;0;0;20;14;0;11
413;0;0;0;13;4;0;9
414;0;0;0;23;7;0;3
415;0;0;0;22;5;0;11
416;0;0;0;18;10;0;8
417;0;0;0;18;8;0;11
418;0;0;0;25;12;0;11
419;0;0;0;17;12;0;12
420;0;0;0;20;16;0;8
421;0;0;0;16;13;0;10
422;0;0;0;30;13;0;8
423;0;0;0;18;6;0;8
424;0;0;0;22;17;0;11
425;0;0;0;24;11;0;11
426;0;0;0;30;9;0;4
427;0;0;0;22;10;0;8
428;0;0;0;21;9;0;13
429;0;0;0;20;8;0;6
430;0;0;0;22;11;0;13
431;0;0;0;25;12;0;12
432;0;0;0;27;5;0;8
433;0;0;0;18;10;0;8
434;0;0;0;23;4;0;11
435;0;0;0;22;8;0;10
436;0;0;0;21;12;0;12
437;0;0;0;19;11;0;12
438;0;0;0;14;8;0;17
439;0;0;0;17;8;0;11
440;0;0;0;24;5;0;16
441;0;0;0;18;10;0;15
442;0;0;0;18;12;0;8
443;0;0;0;14;5;0;4
444;0;0;0;17;11;0;11
445;0;0;0;13;8;0;11
446;0;0;0;11;10;0;13
447;0;0;0;9;7;0;13
448;0;0;0;16;12;0;10
449;0;0;0;7;16;0;8
450;0;0;0;9;12;0;11
451;0;0;0;11;10;0;9
452;0;0;0;6;9;0;5
453;0;0;0;5;9;0;9
454;0;0;0;16;11;0;11
455;0;0;0;3;8;0;12
456;0;0;0;5;7;0;7
457;0;0;0;5;9;0;9
458;0;0;0;2;13;0;11
459;0;0;0;3;18;0;9
460;0;0;0;2;11;0;13
461;0;0;0;2;14;0;9
462;0;0;0;0;11;0;7
463;0;0;0;1;8;0;8
464;0;0;0;0;7;0;10
465;0;0;0;0;15;0;13
466;0;0;0;1;10;0;11
467;0;0;0;0;7;0;9
468;0;0;0;0;8;0;11
469;0;0;0;0;9;0;11
470;0;0;0;0;10;0;4
471;0;0;0;0;13;0;12
472;0;0;0;1;12;0;9
473;0;0;0;0;7;0;7
474;0;0;0;1;15;0;8
475;0;0;0;0;5;0;11
476;0;0;0;0;15;0;8
477;0;0;0;0;13;0;3
478;0;0;0;2;11;0;10
479;0;0;0;2;11;0;7
480;0;0;0;3;13;0;22
481;0;0;0;1;13;0;8
482;0;0;0;2;18;0;6
483;0;0;0;3;15;0;6
484;0;0;0;1;6;0;9
485;0;0;0;4;9;0;13
486;0;0;0;2;9;0;15
487;0;0;0;4;3;0;5
488;0;0;0;1;7;0;5
489;0;0;0;3;11;0;7
490;0;0;0;5;10;0;11
491;0;0;0;0;8;0;5
492;0;0;0;1;6;0;12
493;0;0;0;2;10;0;10
494;0;0;0;4;8;0;9
495;0;0;0;3;14;0;6
496;0;0;0;5;7;0;10
497;0;0;0;3;6;0;12
498;0;0;0;8;10;0;11
499;0;0;0;10;14;0;12
500;0;0;0;6;8;0;13
501;0;0;0;4;12;0;5
502;0;0;0;5;10;0;17
503;0;0;0;3;7;0;8
504;0;0;0;13;7;0;5
505;0;0;0;7;14;0;9
506;0;0;0;5;11;0;6
507;0;0;0;5;13;0;10
508;0;0;0;6;12;0;12
509;0;0;0;7;7;0;7
510;0;0;0;9;7;0;10
511;0;0;0;10;7;0;13
512;0;0;0;13;14;0;14
513;0;0;0;10;12;0;7
514;0;0;0;12;9;0;10
515;0;0;0;18;13;0;8
516;0;0;0;20;15;0;9
517;0;0;0;17;11;0;10
518;0;0;0;20;16;0;12
519;0;0;0;13;12;0;15
520;0;0;0;21;12;0;7
521;0;0;0;12;14;0;13
522;0;0;0;12;21;0;6
523;0;0;0;19;10;0;9
524;0;0;0;15;9;0;11
525;0;0;0;19;19;0;4
526;0;0;0;16;10;0;8
527;0;0;0;22;6;0;9
528;0;0;0;27;13;0;13
529;0;0;0;25;9;0;7
530;0;0;0;23;11;0;9
531;0;0;0;22;9;0;10
532;0;0;0;31;13;0;8
533;0;0;0;21;16;0;13
534;0;0;0;27;18;0;10
535;0;0;0;31;11;0;9
536;0;0;0;30;10;0;9
537;0;0;0;36;11;0;12
538;0;0;0;25;24;0;11
539;0;0;0;22;14;0;12
540;0;0;0;26;15;0;3
541;0;0;0;25;12;0;9
542;0;0;0;29;12;0;6
543;0;0;0;32;9;0;14
544;0;0;0;22;14;0;11
545;0;0;0;30;8;0;13
546;0;0;0;29;14;0;5
547;0;0;0;24;11;0;6
548;0;0;0;27;10;0;16
549;0;0;0;20;16;0;8
550;0;0;0;19;15;0;13
551;0;0;0;14;17;0;16
552;0;0;0;37;17;0;6
553;0;0;0;19;13;0;6
554;0;0;0;23;9;0;10
555;0;0;0;18;8;0;9
556;0;0;0;15;13;0;12
557;0;0;0;22;14;0;9
558;0;0;0;12;16;0;14
559;0;0;0;13;13;0;5
560;0;0;0;10;14;0;14
561;0;0;0;13;18;0;8
562;0;0;0;8;10;0;13
563;0;0;0;5;8;0;6
564;0;0;0;9;13;0;6
565;0;0;0;5;16;0;7
566;0;0;0;5;13;0;8
567;0;0;0;3;10;0;12
568;0;0;0;3;6;0;11
569;0;0;0;8;11;0;6
570;0;0;0;2;6;0;4
571;0;0;0;5;8;0;14
572;0;0;0;2;15;0;9
573;0;0;0;2;18;0;12
574;0;0;0;1;10;0;4
575;0;0;0;4;16;0;8
576;0;0;0;1;11;0;9
577;0;0;0;3;11;0;10
578;0;0;0;2;14;0;9
579;0;0;0;2;12;0;13
580;0;0;0;0;14;0;7
581;0;0;0;4;10;0;5
582;0;0;0;5;10;0;13
583;0;0;0;3;13;0;12
584;0;0;0;0;7;0;5
585;0;0;0;2;14;0;13
586;0;0;0;2;18;0;13
587;0;0;0;1;7;0;12
588;0;0;0;1;16;0;10
589;0;0;0;1;11;0;9
590;0;0;0;1;6;0;6
591;0;0;0;1;10;0;8
592;0;0;0;1;13;0;7
593;0;0;0;1;7;0;12
594;0;0;0;0;11;0;8
595;0;0;0;2;12;0;10
596;0;0;0;0;10;0;11
597;0;0;0;4;15;0;12
598;0;0;0;2;6;0;5
599;0;0;0;4;13;0;9
600;0;0;0;1;6;0;11
601;0;0;0;1;12;0;5
602;0;0;0;7;8;0;13
603;0;0;0;4;11;0;13
604;0;0;0;3;11;0;9
605;0;0;0;7;11;0;9
606;0;0;0;5;10;0;9
607;0;0;0;5;14;0;6
608;0;0;0;3;9;0;11
609;0;0;0;5;15;0;5
610;0;0;0;3;7;0;12
611;0;0;0;6;10;0;10
612;0;0;0;12;10;0;9
613;0;0;0;12;10;0;12
614;0;0;0;11;8;0;10
615;0;0;0;13;5;0;9
616;0;0;0;12;11;0;9
617;0;0;0;28;14;0;6
618;0;0;0;15;12;0;11
619;0;0;0;16;6;0;9
620;0;0;0;14;7;0;8
621;0;0;0;16;9;0;16
622;0;0;0;19;9;0;9
623;0;0;0;17;10;0;8
624;0;0;0;20;8;0;16
625;0;0;0;13;9;0;11
626;0;0;0;25;7;0;11
627;0;0;0;23;9;0;4
628;0;0;0;21;9;0;12
629;0;0;0;23;17;0;9
630;0;0;0;23;13;0;9
631;0;0;0;23;11;0;7
632;0;0;0;31;11;0;8
633;0;0;0;20;19;0;14
634;0;0;0;26;10;0;8
635;0;0;0;27;5;0;16
636;0;0;0;25;16;0;9
637;0;0;0;31;14;0;19
638;0;0;0;25;8;0;5
639;0;0;0;26;10;0;12
640;0;0;0;36;8;0;13
641;0;0;0;45;9;0;6
642;0;0;0;33;16;0;16
643;0;0;0;23;10;0;11
644;0;0;0;31;18;0;7
645;0;0;0;27;16;0;14
646;0;0;0;25;7;0;15
647;0;0;0;40;6;0;13
648;0;0;0;34;12;0;10
649;0;0;0;40;13;0;10
650;0;0;0;33;13;0;15
651;0;0;0;36;17;0;10
652;0;0;0;38;6;0;9
653;0;0;0;30;8;0;9
654;0;0;0;23;8;0;14
655;0;0;0;34;17;0;4
656;0;0;0;20;8;0;9
657;0;0;0;28;15;0;9
658;0;0;0;30;8;0;10
659;0;0;0;29;13;0;5
660;0;0;0;17;17;0;10
661;0;0;0;28;16;0;7
662;0;0;0;9;13;0;9
663;0;0;0;28;13;0;8
664;0;0;0;19;12;0;7
665;0;0;0;16;18;0;11
666;0;0;0;7;14;0;14
667;0;0;0;17;11;0;13
668;0;0;0;21;16;0;8
669;0;0;0;12;9;0;20
670;0;0;0;7;10;0;9
671;0;0;0;14;9;0;9
672;0;0;0;11;10;0;13
673;0;0;0;7;10;0;11
674;0;0;0;5;8;0;11
675;0;0;0;3;9;0;9
676;0;0;0;6;25;0;5
677;0;0;0;3;15;0;5
678;0;0;0;6;15;0;9
679;0;0;0;6;10;0;5
680;0;0;0;5;8;0;10
681;0;0;0;2;16;0;9
682;0;0;0;4;10;0;8
683;0;0;0;2;15;0;9
684;0;0;0;3;5;0;9
685;0;0;0;3;15;0;13
686;0;0;0;3;11;0;13
687;0;0;0;0;9;0;12
688;0;0;0;0;10;0;9
689;0;0;0;0;12;0;5
690;0;0;0;1;9;0;10
691;0;0;0;2;13;0;11
692;0;0;0;1;16;0;8
693;0;0;0;2;14;0;17
694;0;0;0;2;12;0;7
695;0;0;0;1;18;0;8
696;0;0;0;1;13;0;8
697;0;0;0;3;11;0;8
698;0;0;0;4;12;0;9
699;0;0;0;3;6;0;7
700;0;0;0;3;10;0;7
701;0;0;0;1;13;0;15
702;0;0;0;5;10;0;14
703;0;0;0;3;13;0;9
704;0;0;0;2;2;0;10
705;0;0;0;2;6;0;5
706;0;0;0;3;13;0;17
707;0;0;0;2;13;0;5
708;0;0;0;2;12;0;6
709;0;0;0;4;12;0;12
710;0;0;0;5;11;0;5
711;0;0;0;4;5;0;18
712;0;0;0;6;7;0;10
713;0;0;0;4;7;0;11
714;0;0;0;9;9;0;10
715;0;0;0;6;5;0;14
716;0;0;0;9;10;0;12
717;0;0;0;7;12;0;5
718;0;0;0;9;4;0;13
719;0;0;0;12;10;0;11
720;0;0;0;9;8;0;7
721;0;0;0;9;8;0;14
722;0;0;0;12;11;0;14
723;0;0;0;8;8;0;8
724;0;0;0;10;9;0;12
725;0;0;0;14;7;0;10
726;0;0;0;17;8;0;7
727;0;0;0;13;9;0;6
728;0;0;0;8;6;0;8
729;0;0;0;9;7;0;9
730;0;0;0;21;12;0;6
731;0;0;0;19;3;0;8
732;0;0;0;24;8;0;7
733;0;0;0;21;6;0;11
734;0;0;0;22;5;0;12
735;0;0;0;29;10;0;15
736;0;0;0;26;8;0;6
737;0;0;0;28;6;0;9
738;0;0;0;22;9;0;11
739;0;0;0;24;7;0;10
740;0;0;0;27;11;0;7
741;0;0;0;31;12;0;14
742;0;0;0;27;8;0;12
743;0;0;0;34;5;0;9
744;0;0;0;29;14;0;7
745;0;0;0;36;7;0;10
746;0;0;0;30;8;0;10
747;0;0;0;36;11;0;13
748;0;0;0;32;10;0;14
749;0;0;0;30;8;0;9
750;0;0;0;32;11;0;5
751;0;0;0;44;10;0;6
752;0;0;0;25;3;0;8
753;0;0;0;36;10;0;10
754;0;0;0;38;6;0;13
755;0;0;0;45;4;0;8
756;0;0;0;26;13;0;7
757;0;0;0;31;12;0;11
758;0;0;0;37;9;0;7
759;0;0;0;35;3;0;9
760;0;0;0;20;12;0;14
761;0;0;0;26;9;0;12
762;0;0;0;41;7;0;5
763;0;0;0;39;9;0;12
764;0;0;0;34;14;0;6
765;0;0;0;31;7;0;5
766;0;0;0;21;10;0;10
767;0;0;0;23;6;0;12
768;0;0;0;28;4;0;7
769;0;0;0;25;5;0;5
770;0;0;0;25;5;0;9
771;0;0;0;21;7;0;9
772;0;0;0;20;8;0;10
773;0;0;0;15;8;0;10
774;0;0;0;16;8;0;18
775;0;0;0;19;6;0;8
776;0;0;0;9;9;0;5
777;0;0;0;19;9;0;11
778;0;0;0;17;9;0;15
779;0;0;0;7;7;0;12
780;0;0;0;8;9;0;12
781;0;0;0;9;10;0;6
782;0;0;0;13;11;0;9
783;0;0;0;9;7;0;8
784;0;0;0;4;11;0;9
785;0;0;0;7;4;0;10
786;0;0;0;7;6;0;15
787;0;0;0;3;8;0;7
788;0;0;0;2;11;0;11
789;0;0;0;7;10;0;9
790;0;0;0;1;10;0;11
791;0;0;0;1;7;0;12
792;0;0;0;1;7;0;9
793;0;0;0;6;6;0;12
794;0;0;0;0;10;0;6
795;0;0;0;0;12;0;9
796;0;0;0;1;10;0;11
797;0;0;0;5;6;0;11
798;0;0;0;0;8;0;13
799;0;0;0;0;7;0;8
800;0;0;0;1;2;0;9
801;0;0;0;1;4;0;12
802;0;0;0;0;6;0;11
803;0;0;0;2;6;0;6
804;0;0;0;1;6;0;9
805;0;0;0;2;7;0;8
806;0;0;0;0;7;0;9
807;0;0;0;2;11;0;4
808;0;0;0;1;3;0;8
809;0;0;0;2;7;0;14
810;0;0;0;1;6;0;6
811;0;0;0;1;10;0;9
812;0;0;0;0;9;0;11
813;0;0;0;1;9;0;7
814;0;0;0;3;10;0;10
815;0;0;0;5;5;0;11
816;0;0;0;2;3;0;10
817;0;0;0;2;1;0;9
818;0;0;0;5;9;0;5
819;0;0;0;4;7;0;11
820;0;0;0;3;9;0;18
821;0;0;0;1;11;0;10
822;0;0;0;6;8;0;11
823;0;0;0;3;5;0;9
824;0;0;0;2;7;0;14
825;0;0;0;6;7;0;11
826;0;0;0;6;9;0;5
827;0;0;0;10;12;0;9
828;0;0;0;13;7;0;11
829;0;0;0;6;8;0;12
830;0;0;0;11;7;0;15
831;0;0;0;12;7;0;10
832;0;0;0;14;11;0;7
833;0;0;0;13;9;0;13
834;0;0;0;20;9;0;8
835;0;0;0;16;18;0;11
836;0;0;0;15;15;0;11
837;0;0;0;11;10;0;8
838;0;0;0;19;4;0;15
839;0;0;0;17;5;0;14
840;0;0;0;18;10;0;11
841;0;0;0;21;10;0;12
842;0;0;0;23;8;0;13
843;0;0;0;19;8;0;5
844;0;0;0;17;7;0;12
845;0;0;0;20;11;0;11
846;0;0;0;20;10;0;11
847;0;0;0;32;7;0;9
848;0;0;0;27;10;0;11
849;0;0;0;24;5;0;11
850;0;0;0;22;7;0;11
851;0;0;0;22;6;0;13
852;0;0;0;23;11;0;6
853;0;0;0;33;10;0;10
854;0;0;0;25;7;0;14
855;0;0;0;33;11;0;13
856;0;0;0;24;8;0;12
857;0;0;0;17;9;0;11
858;0;0;0;22;10;0;9
859;0;0;0;34;8;0;8
860;0;0;0;30;15;0;5
861;0;0;0;22;8;0;12
862;0;0;0;28;6;0;13
863;0;0;0;33;13;0;8
864;0;0;0;30;2;0;16
865;0;0;0;28;8;0;10
866;0;0;0;27;15;0;9
867;0;0;0;32;5;0;10
868;0;0;0;23;9;0;14
869;0;0;0;24;6;0;6
870;0;0;0;34;9;0;9
871;0;0;0;18;5;0;9
872;0;0;0;31;8;0;18
873;0;0;0;26;12;0;10
874;0;0;0;22;13;0;9
875;0;0;0;22;12;0;12
876;0;0;0;25;5;0;12
877;0;0;0;15;8;0;6
878;0;0;0;15;6;0;13
879;0;0;0;22;8;0;9
880;0;0;0;12;5;0;10
881;0;0;0;14;5;0;15
882;0;0;0;16;8;0;8
883;0;0;0;16;6;0;10
884;0;0;0;11;11;0;12
885;0;0;0;11;11;0;10
886;0;0;0;11;8;0;7
887;0;0;0;8;7;0;9
888;0;0;0;9;7;0;12
889;0;0;0;10;9;0;9
890;0;0;0;5;6;0;20
891;0;0;0;5;10;0;11
892;0;0;0;5;6;0;9
893;0;0;0;8;11;0;12
894;0;0;0;7;8;0;10
895;0;0;0;5;7;0;8
896;0;0;0;1;6;0;7
897;0;0;0;4;5;0;11
898;0;0;0;5;3;0;9
899;0;0;0;3;9;0;11
900;0;0;0;1;9;0;15
901;0;0;0;2;6;0;8
902;0;0;0;1;10;0;16
903;0;0;0;3;6;0;6
904;0;0;0;2;5;0;9
905;0;0;0;1;5;0;14
906;0;0;0;1;10;0;7
907;0;0;0;1;7;0;5
908;0;0;0;0;4;0;8
909;0;0;0;0;7;0;10
910;0;0;0;0;4;0;12
911;0;0;0;0;10;0;10
912;0;0;0;1;10;0;16
913;0;0;0;3;9;0;8
914;0;0;0;1;8;0;9
915;0;0;0;0;4;0;13
916;0;0;0;2;7;0;13
917;0;0;0;0;8;0;10
918;0;0;0;0;8;0;11
919;0;0;0;1;8;0;10
920;0;0;0;2;7;0;7
921;0;0;0;1;4;0;13
922;0;0;0;2;10;0;14
923;0;0;0;1;5;0;4
924;0;0;0;1;15;0;7
925;0;0;0;6;7;0;11
926;0;0;0;4;1;0;3
927;0;0;0;5;8;0;7
928;0;0;0;2;7;0;11
929;0;0;0;2;10;0;9
930;0;0;0;2;11;0;8
931;0;0;0;3;12;0;8
932;0;0;0;5;12;0;10
933;0;0;0;6;9;0;10
934;0;0;0;3;5;0;9
935;0;0;0;9;4;0;9
936;0;0;0;10;4;0;7
937;0;0;0;4;6;0;9
938;0;0;0;7;10;0;13
939;0;0;0;11;7;0;8
940;0;0;0;6;4;0;14
941;0;0;0;6;10;0;15
942;0;0;0;12;6;0;11
943;0;0;0;12;6;0;11
944;0;0;0;14;8;0;11
945;0;0;0;16;14;0;7
946;0;0;0;10;12;0;8
947;0;0;0;11;8;0;14
948;0;0;0;14;7;0;11
949;0;0;0;13;11;0;5
950;0;0;0;13;3;0;13
951;0;0;0;11;10;0;17
952;0;0;0;16;8;0;10
953;0;0;0;10;8;0;11
954;0;0;0;20;9;0;6
955;0;0;0;17;13;0;10
956;0;0;0;20;6;0;16
957;0;0;0;18;5;0;10
958;0;0;0;12;5;0;11
959;0;0;0;39;4;0;9
960;0;0;0;26;5;0;11
961;0;0;0;28;5;0;7
962;0;0;0;16;7;0;5
963;0;0;0;20;2;0;7
964;0;0;0;25;7;0;11
965;0;0;0;21;8;0;9
966;0;0;0;20;4;0;14
967;0;0;0;21;8;0;19
968;0;0;0;24;4;0;19
969;0;0;0;26;9;0;7
970;0;0;0;20;6;0;12
971;0;0;0;18;8;0;7
972;0;0;0;19;8;0;9
973;0;0;0;20;9;0;7
974;0;0;0;23;1;0;8
975;0;0;0;20;9;0;10
976;0;0;0;19;6;0;10
977;0;0;0;21;4;0;11
978;0;0;0;25;1;0;8
979;0;0;0;13;5;0;10
980;0;0;0;17;4;0;13
981;0;0;0;20;8;0;12
982;0;0;0;19;7;0;11
983;0;0;0;18;9;0;8
984;0;0;0;17;7;0;8
985;0;0;0;24;5;0;9
986;0;0;0;21;5;0;11
987;0;0;0;15;7;0;9
988;0;0;0;12;8;0;8
989;0;0;0;11;8;0;13
990;0;0;0;5;3;0;7
991;0;0;0;13;7;0;11
992;0;0;0;9;7;0;10
993;0;0;0;14;6;0;12
994;0;0;0;6;4;0;15
995;0;0;0;4;9;0;8
996;0;0;0;4;12;0;11
997;0;0;0;4;10;0;7
998;0;0;0;5;5;0;6
999;0;0;0;6;7;0;11
1000;0;0;0;6;4;0;11
1001;0;0;0;8;12;0;11
1002;0;0;0;3;6;0;8
1003;0;0;0;5;3;0;11
1004;0;0;0;4;5;0;10
1005;0;0;0;4;4;0;11
1006;0;0;0;2;5;0;10
1007;0;0;0;6;6;0;5
1008;0;0;0;4;4;0;11
